"player.id","player.name"
830944,"A Aitken-Drummond"
960759,"A Battenberg-Venturini"
242974,"A Beggs"
867606,"A Bosch"
681724,"A Brindle"
450388,"A Chopra"
756059,"A Das"
847787,"A Elder"
151007,"A Fellows"
722987,"A Fujishiro"
589833,"A Gardner"
510369,"A Hartley"
258444,"A Hudson"
363935,"A Jackson"
317530,"A Jago"
126157,"A Jain"
836664,"A Kanada"
906680,"A Kano"
185419,"A Khaka"
258520,"A Kirkire"
642764,"A Kitayama"
469377,"A Kotze"
298796,"A Kuylaars"
473918,"A le Breton"
588305,"A McCauley"
659575,"A McKenna"
566714,"A Minny"
339783,"A Miyazaki"
743849,"A Mohammed"
728100,"A Nyiki"
967783,"A Palmer"
950610,"A Pendharker"
405443,"A Ramsay"
962634,"A Rawat"
776079,"A Reddy"
438364,"A Sharma"
830957,"A Shrubsole"
320317,"A Stears"
545042,"A Steyn"
680148,"A Stinson"
868308,"A Sutherland"
275059,"A Vaidya"
410939,"A van de Broeke"
419567,"A van Lier"
872490,"A van Noortwijk"
678262,"A Vogt"
465498,"A Walsh"
135393,"A Wegemund"
832403,"A Wellington"
330562,"AA Alleyne"
308652,"AA Burger"
453735,"AA Deshpande"
675345,"AA Patil"
774761,"AAA Spence"
737754,"AAD Indralatha"
929768,"AB Murray"
762500,"AB Ratcliffe"
765657,"Abida Khan"
708175,"AC Jayangani"
341870,"AC Kerr"
647291,"AC Mol"
432650,"AD Disbury"
190737,"AD Geeves"
178484,"AD Janakanthymala"
675946,"ADH Abeysinghe"
475823,"AE Ell"
116002,"AE Jones"
487050,"AE Satterthwaite"
946723,"AE Smith"
873873,"AG Browne"
737800,"AH Thomson"
117379,"Aiman Anwer"
858910,"Aisha Jalil"
134706,"AJ Blackwell"
123854,"AJ Drummond"
668005,"AJ Fahey"
158144,"AJ Green"
831395,"AJ Healy"
333822,"AJ Kenealy"
454317,"AK Burrows"
994285,"AK Peters"
333093,"AL Bezuidenhout"
595190,"AL Clough"
527750,"AL Hodgkinson"
526928,"AL Walker"
971838,"AL Watkins"
612220,"Aliya Riaz"
206123,"Almas Akram"
307961,"AM Budd"
100323,"AM Dodd"
275492,"AM Fernandes"
979014,"AM Galvin"
286938,"AM Linehan"
613200,"AM Maqsood"
987096,"AM McEwen"
961792,"AM Overhoff"
934720,"AM Peterson"
887644,"AM Samaroo"
310539,"AM Smith"
664265,"AM Starling"
298004,"AMF McDonald"
982024,"AN Davidson-Richards"
325531,"ANA de Silva"
289369,"Anam Amin"
556164,"AP Shinde"
224784,"APC Kilowan"
815630,"APS Lakshika"
205547,"Armaan Khan"
704851,"AS Ghosh"
659397,"AS Taai"
732020,"AS Tanke"
559181,"AS van Beuge"
880563,"Asma Farzand"
260311,"Asmavia Iqbal"
980536,"ASS Fletcher"
668058,"AT Collins"
446397,"AV Stanton"
710606,"Ayasha Rahman"
134314,"Ayesha Zafar"
323221,"B Bezuidenhout"
279958,"B Botha"
134099,"B Cairncross"
700796,"B Cooper"
647666,"B de Leede"
509902,"B Dermota"
283223,"B Goyal"
808201,"B Lang"
672699,"B Langerhuus"
471745,"B Mandlik"
525361,"B Meihuizen"
541449,"B Murrey"
993510,"B Nicholson"
512914,"B Orchard"
378116,"B Solozano-Rodney"
244499,"B van Teunenbroek"
356421,"B Viguurs"
768134,"B Wilson"
268685,"BA Brentnall"
402150,"BA Daniels"
576780,"BA Langston"
187647,"Batool Fatima"
645351,"BCC Peden"
876774,"BD Birch"
499523,"BF Smith"
457926,"BG Williams"
336025,"BH McNeill"
227470,"BI Thorner"
397814,"Bismah Maroof"
780038,"BJ Clark"
874272,"BJ Haggett"
348400,"BJ Legg"
974221,"BL Bevege"
672246,"BL Calver"
526980,"BL Mooney"
796227,"BL Morgan"
156980,"BM Browne"
918257,"BM Duncan"
986143,"BM McDonald"
266829,"BMSM Kumari"
146332,"BN Whiteman"
194424,"BR Wilson"
821425,"BRGN Kumari"
850503,"BS Fulmali"
154219,"BYA Mendis"
622901,"C Atkins"
343506,"C Brits"
701739,"C Cooke"
504188,"C Corneliussen"
839995,"C de Lange"
288309,"C Eveleens"
570066,"C Gildenhuys"
931527,"C Grevers"
884093,"C Hoyte"
992842,"C Kaul"
536724,"C Matthews"
159617,"C McGuiness"
695809,"C Murray"
129808,"C O'Neill"
697339,"C Raack"
475187,"C Sinton"
628721,"C Smith"
169051,"C Thalagalage"
784725,"C Valentine"
681583,"C van de Kieft"
753007,"C van der Flier"
879440,"C van der Westhuizen"
870239,"C Verheul"
645374,"C Ward"
139561,"CA Bambury"
857295,"CA Campbell"
606597,"CA Evans"
751920,"CA Gurrey"
788666,"CA Henry"
571204,"CA Hodges"
958027,"CA James"
529727,"CA Salomons"
939801,"CA Singh"
258248,"CC Dalton"
722022,"CC van Slobbe"
795455,"CD Sharp"
714977,"CE Eksteen"
456123,"CE Gough"
812393,"CE Henshilwood"
746118,"CE Marett"
763664,"CE Taylor"
172086,"CFF Oudolf"
969103,"CH Rambaldo"
451830,"CH White"
504839,"CJ Barrs"
505349,"CJ Connor"
676062,"CJ Metcalfe"
488008,"CJ Sweetman"
518911,"CJ Watmough"
553363,"CL Fitzpatrick"
547207,"CL Mason"
646305,"CL Murphy"
507358,"CL Russell"
789619,"CL Tryon"
363978,"CM Beggs"
990329,"CM de Groot"
459900,"CM Edwards"
757701,"CM Mowat"
474312,"CM Nicholson"
969953,"CM O'Leary"
138058,"CM Oyler"
647231,"CM Scott"
879492,"CM Smith"
372890,"CMA Shillington"
485790,"CMG Atkins"
448993,"CMW Hes"
827974,"CN Nation"
726122,"CNIM Joyce"
833935,"CO Taitt"
386473,"CP Jack"
572539,"CR Seneviratna"
696431,"CR Smith"
454296,"CS Cowan"
504675,"CS Terblanche"
734710,"D Bailey"
855851,"D Cagen"
671168,"D Caird"
961764,"D Carr"
262055,"D Dedunu"
673192,"D Devnarain"
621690,"D Emerson"
840999,"D Francis"
749309,"D Gunaratne"
257272,"D Hazell"
789186,"D Hemalatha"
280590,"D Hobson"
241099,"D Holden"
906555,"D Kooij"
377257,"D Luke"
724012,"D Martin"
740197,"D Maybury"
772458,"D Moe"
967956,"D Newman"
925332,"D Palshikar"
509540,"D Prins"
737999,"D Rae"
389710,"D Robinson"
824122,"D van Deventer"
915915,"D van Niekerk"
665858,"D Weyers"
172368,"D Wood"
694967,"DA Annetts"
325391,"DA Costello"
903836,"DA Gordon"
542805,"DA Hockley"
468562,"DA Lewis"
502623,"DA Stock"
503517,"DB Sharma"
880661,"DE McEvoy"
454561,"Deebah Sherazi"
156742,"DF Edulji"
120729,"DGDR Dharmasiri"
984223,"DGK Small"
835888,"DI Macfarlane"
139244,"Diana Baig"
573813,"DJ Reid"
177958,"DJS Dottin"
371024,"DK Armstrong"
487926,"DK Brownlee"
411352,"DL Ford"
485239,"DL Loman"
741024,"DL Martin"
734257,"DL Thomas"
148958,"DL Wilson"
682478,"DM Braat"
914613,"DM Kimmince"
890253,"DM Marathe"
504114,"DM Newlove"
452261,"DM Pratt"
594083,"DM Trow"
941469,"DM Turner"
625483,"DN Wyatt"
710955,"DP David"
649481,"DP Vaidya"
930878,"DS Christiansen"
157702,"DT Christensen"
697442,"E Akehurst"
616086,"E Amos"
361380,"E Bakewell"
970012,"E Barker"
462244,"E Bisht"
258120,"E Caesar"
223200,"E Child"
772128,"E Christensen"
336805,"E Cunningham"
563340,"E Fairweather"
752242,"E Gerrits"
916472,"E Gregg"
593534,"E Hurly"
482484,"E Janss"
518469,"E Kuribayashi"
481867,"E Lambert"
411112,"E Lanser"
208331,"E Liddell"
335259,"E MacGregor"
408596,"E Massey"
647091,"E Owens"
645714,"E Sakata"
471201,"E Theunissen"
380530,"E van Leeuwen"
862855,"E Veltman"
383060,"E Webber"
218125,"E Whelan"
309282,"E White"
683879,"E Wulcko"
940556,"EA Badham"
776090,"EA Beamish"
916156,"EA Burns"
823607,"EA Osborne"
722431,"EA Paton"
711527,"EA Perry"
919130,"EA Sanders"
756274,"EA Signal"
537559,"EA Snowball"
520215,"EAJ Richardson"
470121,"EC Drumm"
766389,"EC Perry"
374012,"EE Blackie"
130252,"EE Corder"
589138,"EF Rouse"
316881,"EI Reynolds"
895829,"EJ Bray"
168049,"EJ Dickson"
720634,"EJ Maker"
338271,"EJ Smith"
932330,"EJ Tice"
434744,"EJ Villani"
713557,"EJCLRC Rainford-Brent"
105480,"EL Donnison"
139748,"EL Miller"
443155,"EL Watson"
881077,"ELC Flanagan"
781925,"ELT de Lange"
564315,"EM Belton"
877740,"EM Bermingham"
470933,"EM Campbell"
705437,"EM Deane"
938770,"EM Giddings"
696907,"EM McLarty"
752241,"EM Ryan"
481782,"EM Sampson"
400286,"EM Shevill"
567941,"EM Sinclair"
614881,"EMH Nolan"
986500,"EMTP Ekanayake"
926795,"EN Lynch"
254417,"EPN Allan"
940426,"ER Irwin"
199043,"ER Vigor"
951521,"ER Williams"
616806,"Eri Iko"
127529,"Erika Oda"
987312,"F Campbell"
637672,"F Coulthard"
887146,"F Cummings"
765507,"F Khalili"
711159,"F McClintock"
991143,"F Overdijk"
376963,"F Tunnicliffe"
605021,"F Walters"
343918,"Fahima Khatun"
294430,"Fareeha Mehmood"
443896,"Fargana Hoque"
496310,"Fatima Sana"
972674,"FC Leydon-Davis"
127071,"FC Wilson"
733948,"FE Fraser"
949263,"FE Urquhart"
851763,"FEM Van Arkel"
538642,"FJ Leonard"
983719,"FL Blade"
645968,"FL Mackay"
361594,"FM Spry"
173745,"FS King"
737976,"G Banerji"
567946,"G Bloemen"
140127,"G Gill"
726754,"G Hullah"
587208,"G James"
298273,"G Leahy"
839148,"G Ludwig"
282695,"G McCall"
998415,"G Seetahal"
596569,"G Smith"
856347,"G Sultana"
613875,"G Sutherland"
519250,"G Wareham"
263677,"G Williamson"
150289,"GA Elwiss"
695382,"GA Guy"
412594,"GA Morgan"
477603,"GA Smith"
610302,"GCP Sugathadasa"
195228,"GE Greaves"
581322,"GE McConway"
417640,"GH Lewis"
174437,"Ghulam Fatima"
568872,"GJ Hall"
506935,"GL Kariyawasam"
863623,"GL Page"
816680,"GM Clancy"
469276,"GM Harris"
365538,"GP Gooder"
491756,"GRC Samanthi"
991186,"GWHM Perera"
578976,"H Buck"
946770,"H Deol"
999523,"H Dinnissen"
908744,"H Graham"
378594,"H Hansen"
621740,"H Hearnden"
347707,"H Hegarty"
654767,"H Jensen"
789163,"H Kala"
980339,"H Karunaratne"
602686,"H Kaur"
283339,"H Kjaer"
102770,"H Lee"
842880,"H Little"
928611,"H Madavi"
571083,"H Miller"
698705,"H Pico"
542336,"H Sorensen"
288427,"H Strydom"
602426,"HA Davies"
834012,"HA Wardlaw"
341985,"HAM Samuddika"
829572,"HASD Siriwardene"
707759,"HC Knight"
109649,"HC Plimmer"
949420,"HD Pritchard"
731287,"HDJ Siegers"
711640,"HE Archdale"
910834,"HE Buck"
121362,"HE Whelan"
265877,"HHC Gunaratne"
570547,"HIS Mendis"
362866,"HJ Lloyd"
400376,"HJ Stother"
217509,"HK Matthews"
430933,"HL Colvin"
728621,"HL Ferling"
173604,"HM Dewdney"
593731,"HM Hills"
208826,"HM Rowe"
374358,"HM Sanders"
815568,"HM Sharpe"
633755,"HM Thompson"
383360,"HM Tiffen"
873025,"HM Watson"
700217,"HMCM Bandara"
582986,"HMD Rasangika"
316436,"HML Madushani"
577346,"HNK Jensen"
249138,"HR Huddleston"
336564,"HRA Rainey"
700043,"Huda Ziad"
283205,"Humera Masroor"
490717,"HW Rambaldo"
846626,"HWA Landheer"
490599,"I Cronin-Knight"
374766,"I Dulfer-Keijzer"
613829,"I Goordial-John"
495971,"I Iimura"
853502,"I Koppe-V-Dishoek"
528097,"I Kure"
300024,"I Leurs"
441887,"I Neilsen"
227276,"I Ranaweera"
926498,"I Schoof"
455894,"ICP Jagersma"
978275,"ID Laughton"
808221,"IH Shevill"
921408,"IJ Powell"
673093,"IJR Zwilling"
734637,"IM Lamason"
424110,"IMG Westbury"
713823,"IMHC Joyce"
904910,"Iram Javed"
529696,"IT Guha"
698268,"IW Jharap"
874438,"J Alexander"
167489,"J Barnard"
420137,"J Bath"
587556,"J Broadbent"
840646,"J Calvert"
572963,"J Christ"
321643,"J Clark"
537469,"J Currie"
448437,"J Dalton"
417280,"J Esmond"
416816,"J Goldsmith"
236443,"J Goswami"
946919,"J Gough"
263165,"J Gray"
287428,"J Hawker"
493943,"J Hayes"
910510,"J Herbison"
532680,"J Howard"
680650,"J Irwin"
531527,"J James"
628069,"J Jensen"
423323,"J Jonsson"
893906,"J Kennare"
146562,"J Laing"
578308,"J Liebert"
610613,"J Logtenberg"
707668,"J Logue"
788762,"J Lord"
515415,"J McKinley"
450194,"J Mitchell"
207125,"J Mudie"
976530,"J Need"
465845,"J Nell"
781083,"J Owens"
194419,"J Parker"
683562,"J Pashley"
341298,"J Patel"
629443,"J Philipsen"
306361,"J Post"
386746,"J Potter"
669794,"J Powell"
200112,"J Robinson"
748045,"J Sammy"
103135,"J Schmidt"
511619,"J Sharma"
388206,"J Smit"
772512,"J Southgate"
901958,"J Stephenson"
886399,"J Sterling"
602537,"J Stockdale"
870798,"J Tredrea"
314792,"J van Vliet"
615789,"J van Zyl"
260841,"J Walsh"
328439,"J Wilkinson"
232864,"JA Batson"
263465,"JA Brittin"
469766,"JA Burley"
299601,"JA Franklin"
147645,"JA Fryer"
735363,"JA Gove"
539698,"JA Russell"
621197,"JA Turner"
353203,"JA Wainwright"
878257,"JA Whelan"
808867,"JAE van der Flier"
173564,"Jahanara Alam"
628023,"Jannatul Ferdus"
282619,"Javeria Khan"
176159,"Javeria Rauf"
519834,"JB Nero"
803847,"JB Olson"
915487,"JC Brehaut"
326828,"JC Carroll"
898334,"JC Day"
792998,"JC Hartenhof"
407775,"JC Hatcher"
196090,"JC Price"
363652,"JC Tedstone"
371522,"JD Doull"
399560,"JE Clark"
548083,"JE Cruwys"
940746,"JE Davis"
444211,"JE Duffin"
845816,"JE Edney"
354598,"JE Harris"
268626,"JE May"
186481,"JE Partridge"
261727,"JE Stead"
543996,"JF McNaughton"
520751,"JFO Whitney"
249206,"JG Davis"
691876,"JG Lamason"
511411,"JH Westbrook"
828083,"JI Rodrigues"
477455,"JK Garey"
143609,"JK Lumsden"
901996,"JK Watts"
188837,"JL Godman"
251721,"JL Gunn"
212705,"JL Hawes"
134169,"JL Hunter"
687712,"JL Jonassen"
331486,"JLMLM Elledge"
417796,"JLW Smythe"
736750,"JM Chamberlain"
874740,"JM Coulston"
107470,"JM Court"
206114,"JM Cummins"
853325,"JM Dannatt"
459441,"JM Dibble"
372032,"JM Fields"
721976,"JM Greenwood"
321894,"JM Jacobs"
472613,"JM Kerr"
642235,"JM Saulbrey"
819555,"JM Stonell"
619535,"JM Watkin"
966909,"JP Bragger"
243740,"JP Brewer"
224989,"JR Dunning"
713806,"JW Francis"
589527,"JW Ogle-Thomas"
990748,"K Anderson"
259164,"K Blair"
683690,"K Bradley"
219101,"K Dhokarikar"
776705,"K Fazackerley"
667267,"K Fraser"
717611,"K Hadlee"
695400,"K Jobling"
606779,"K Kato"
395161,"K Le Comber"
252948,"K Lowe"
988083,"K McDonald"
365256,"K McGill"
859413,"K McKenna"
815636,"K Mikkelsen"
374030,"K Nanno"
799377,"K Paropkari"
426311,"K Price"
588071,"K Ramharack"
979278,"K Read"
895521,"K Saunders"
223988,"K Smith"
387797,"K Smithies"
264776,"K Swart"
817762,"K Taniguchi"
964268,"K Thomson"
455200,"K Uchibori"
579930,"K van Rijn"
331038,"K White"
269781,"K Zorab"
437334,"KA Blackwell"
246784,"KA Laing"
312720,"KA Ramel"
711693,"KA Raymond"
444309,"KA Tomlinson"
436466,"KADA Kanchana"
820190,"KADC Lakmalee"
666730,"Kainat Imtiaz"
529338,"Kanwal Naz"
745775,"Kaynat Hafeez"
487264,"KD Brown"
271054,"KDU Prabodhani"
187524,"KE Batty"
845850,"KE Bryce"
694135,"KE Ebrahim"
727715,"KE Flavell"
762742,"KE Pike"
931699,"KG Raymont"
819964,"KGE Oakenfold"
474981,"KH Brunt"
429381,"KH Liyanarachchi"
307752,"Khadija Tul Kubra"
353885,"Khursheed Jabeen"
650361,"Kiran Ahtazaz"
201658,"Kiran Baluch"
684968,"Kiyo Fujikawa"
930141,"KJ Garth"
562522,"KJ Indika"
813657,"KJ Martin"
928729,"KJ Musson"
241213,"KL Britt"
599835,"KL Cross"
436775,"KL George"
887908,"KL Gordon"
192789,"KL Mortimer"
666335,"KL Pulford"
103743,"KL Rolton"
676020,"KM Beams"
891749,"KM Brown"
703060,"KM Green"
515859,"KM Indrani"
226259,"KM Keenan"
158374,"KM Leng"
303319,"KM Smith"
464192,"KM Wilkins"
469617,"KN Alexander"
860200,"KN Young"
309740,"KR Perera"
252355,"KRS Fernando"
907254,"KS Anderson"
313669,"KS Bhatt"
909277,"KS Molloy"
193557,"KT Perkins"
118639,"KV Gunn"
690426,"KV Jain"
496828,"KV Plummer"
225188,"KV Winks"
520383,"Kycia A Knight"
574155,"Kyshona A Knight"
869725,"L Bhattacharj"
547779,"L Brouwers"
773343,"L Burnley"
962288,"L Cheatle"
203310,"L Cooke"
862607,"L de Beer"
652544,"L Delany"
127951,"L Denholm"
718769,"L Egging"
513710,"L Francis"
198104,"L Goodall"
493076,"L Hansen"
226024,"L Hill"
751457,"L Jack"
279954,"L Johnston"
111938,"L Klokgieters"
343782,"L Korkie"
479662,"L Kumari"
386862,"L Kutcher"
753866,"L Larter"
558551,"L Laursen"
812210,"L Lee"
654339,"L Lindsay"
354417,"L Little"
152045,"L Maritz"
629820,"L McKoy"
726845,"L Nye"
202550,"L Offenberg"
490114,"L Olivier"
354381,"L Paul"
715002,"L Sorensen"
601782,"L Spragg"
815870,"L Vernout"
546613,"L Vilsgaard"
340039,"L Winfield"
289631,"L Wolvaardt"
755195,"LA Coleman"
188309,"LA Fullston"
778908,"LA Hunter"
605065,"LA Larsen"
768704,"LA Marsh"
103081,"LA Reeler"
859085,"LAGL Kirby"
678708,"Lata Mondal"
382384,"LC Boylan"
886998,"LC Broadfoot"
144035,"LC Pearson"
700056,"LC Sthalekar"
440460,"LD Molins"
454273,"LDV Ratnayake"
361853,"LDVV Silva"
197937,"LE Kaushalya"
835666,"LE Milliken"
630885,"LFM Cullen"
876912,"LG Cook"
253632,"LG Ward"
257059,"LG Williams"
278840,"LI Spence"
297619,"Lily Rani Biswas"
719834,"LJ Clifford"
738178,"LJ Harper"
627799,"LJ Murdoch"
136555,"LJ Poulton"
660376,"LJ Simpson"
712091,"LK Bennett"
761224,"LK Ebsary"
432899,"LK Newton"
550249,"LK O'Reilly"
401594,"LM Albon"
903939,"LM Fraser"
280753,"LM Hoitink"
408090,"LM Joyce"
907702,"LM Kasperek"
274705,"LM Keightley"
550578,"LM Morgan"
719139,"LM Prichard"
602005,"LMM Tahuhu"
493643,"LN McCarthy"
500130,"LP Browne"
464216,"LP Griffiths"
295196,"LP Lewis"
624966,"LR Doolan"
836892,"LR Dow"
699350,"LR Down"
496296,"LRF Askew"
694348,"LRVS Harford"
654060,"LS Greenway"
412239,"LW Kettels"
896898,"LZ Jacobs"
245496,"M Allitt"
508693,"M Baylis"
843161,"M Brock"
698941,"M Burke"
739033,"M Daniels"
717431,"M de Boer"
296761,"M Desai"
821671,"M du Preez"
760699,"M Edwards"
161836,"M Flaherty"
627583,"M Flieringa"
133636,"M Frost"
176976,"M Greenwood"
689808,"M Gregersen"
484765,"M Grunsing"
400147,"M Hollis"
892961,"M Hommels"
488196,"M Ishiyama"
114435,"M Iversen"
793917,"M Jones"
649484,"M Joshi"
487568,"M Kanno"
990496,"M Kanojia"
632021,"M Kapp"
271571,"M Katz"
123985,"M Kenjo"
875248,"M Klaas"
996220,"M Knee"
614170,"M Kono"
753740,"M Kornet"
971545,"M Lockwood"
172276,"M Lotter"
382029,"M Lowe"
584253,"M Maben"
804034,"M Marks"
798492,"M McColl"
148798,"M Mehta"
204326,"M Moralee"
820651,"M Mukherjee"
436931,"M Nadgoda"
137274,"M Needham"
352147,"M Payne"
291978,"M Picton"
898592,"M Pilling"
142683,"M Raj"
342308,"M Saito"
760323,"M Schroeder"
793011,"M Schutt"
173099,"M Shehani"
344082,"M Shiraishi"
747628,"M Singhal"
587409,"M Slebsager"
963550,"M Smook"
376955,"M Strano"
944023,"M Sumra"
362625,"M Tekah"
922715,"M Terblanche"
295431,"M Toussaint"
832117,"M Veringmeier"
934377,"M Wilks"
998250,"M Wilson"
620446,"M Yanagida"
385728,"M Zwilling"
297017,"MA de Regt"
181455,"MA Koster"
840861,"MA Lear"
198656,"MA Reynard"
678329,"MA Webb"
155818,"MA Winch"
577812,"MAA Sanjeewani"
287386,"MAC Molenaar"
925498,"MADD Surangika"
782931,"Maham Tariq"
348522,"Mahewish Khan"
440400,"MAJ Goszko"
410736,"Maliha Hussain"
389598,"MAM Lewis"
674069,"Mariam Agha"
175058,"Mariam Anwar"
125305,"Mariam Butt"
781251,"Mariam Hasan"
254724,"Marina Iqbal"
821683,"Mariska Kornet"
433308,"Maryam Butt"
977615,"Masooma Junaid"
985829,"MB Duggan"
441628,"MB Jude"
727953,"MC Bishop"
301255,"MC Corby"
877981,"MC Dive"
268772,"MC Godliman"
298666,"MC Robinson"
811867,"MDN Hansika"
372881,"MDR Entrop"
670604,"MDT Kamini"
167316,"ME Grealey"
695953,"ME Haddelsey"
453931,"ME Hide"
594281,"ME Hunt"
219496,"ME Maclagan"
933188,"ME Marvell"
393317,"ME Nijman"
115498,"ME Richards"
848896,"MEC de Fouw"
718638,"Meher Minwalla"
318746,"MEM Peden"
519447,"MEMO Scott-Hayward"
356367,"MF Fahey"
255073,"MF Kendal"
219971,"MF Spear"
222635,"MGMCP Gunawardene"
786278,"MH Peters"
759347,"MI Taylor"
892911,"MJ Bulow"
786397,"MJ Fulford"
191009,"MJ Haddelsey"
366124,"MJ Jennings"
761840,"MJ Lutschini"
141811,"MJ Taylor"
136178,"MJG Nielsen"
653863,"MK Fruin"
493350,"ML de Boer"
217878,"ML Green"
150449,"ML Loman"
940865,"ML Lynch"
101669,"MM Lanning"
324418,"MM Letsoalo"
389305,"MM Papworth"
521718,"MP Moore"
760318,"MR Aguilleira"
376098,"MR Meshram"
731554,"MT Herbert"
989579,"MT Rouse"
497302,"Muneeba Ali"
351980,"Muqudos Khan"
862423,"Murshida Khatun"
336729,"MV Waldron"
451193,"N Al Khadeer"
134421,"N Browne"
718591,"N Buley"
785660,"N David"
388789,"N de Klerk"
767808,"N Holt"
905789,"N Jogalekar"
911734,"N Kadam"
280306,"N Massey"
613407,"N Mlaba"
197794,"N Ndzundzu"
825357,"N Niranjana"
341473,"N Payne"
275279,"N Rheinberg"
537570,"N Scripps"
725082,"N Shangase"
971849,"N St Rose"
605233,"N Symmons"
534314,"N Tanwar"
701006,"N Tokizawa"
321281,"N Wilson"
181528,"NA Moodley"
520517,"NA Williams"
762194,"Nahida Akter"
420766,"Nahida Khan"
626195,"Naila Nazir"
769297,"Nain Abidi"
523045,"NAJ George"
353781,"Najmunnissa Ismail"
538234,"Nashra Sandhu"
472452,"Natalia Pervaiz"
480363,"Nazia Nazir"
872557,"Nazia Sadiq"
998461,"Nazli Istiaq"
482518,"NC Dodd"
410183,"NE Bolton"
669405,"NE Farrant"
244397,"NH Squire"
899457,"Nida Dar"
780968,"Nigar Sultana"
584799,"NJ Browne"
126842,"NJ Carey"
677424,"NJ Coffey"
680420,"NJ Ida"
288498,"NJ Shaw"
873075,"NJ Turner"
795306,"NM Parween"
714622,"NM Williams"
775795,"NND de Silva"
293499,"NP Thabethe"
567196,"NR Sciver"
661463,"Nuzhat Tasnia"
914414,"NY McLean"
778382,"O Kirsten"
890711,"O Prendergast"
911740,"O Smith"
133564,"OJ Magno"
128608,"OM Marshall"
801508,"OU Ranasinghe"
331237,"OV Anderson"
444307,"P Alfred"
225092,"P Antonio"
621007,"P Blackler"
614121,"P Choudhary"
782551,"P Dimri"
446491,"P Felician"
441279,"P Hollett"
169465,"P Holmes"
137496,"P Jonsson"
832927,"P Klesser"
814367,"P May"
626993,"P Moore"
170077,"P Rau"
632415,"P Roy"
325424,"P Thomas"
859798,"P Thomsen"
182424,"P Vastrakar"
369740,"P Verco"
362317,"P Whittaker"
386909,"PA Chatterji"
219315,"PA Gruber"
336642,"PA Lovell"
654562,"PA Thomson"
604948,"Panna Ghosh"
366702,"PB Flannery"
777512,"PC Dawson"
719762,"PD Kinsella"
630243,"PF Carrick"
593725,"PF McKelvey"
110444,"PG Raut"
105712,"PGN de Silva"
218332,"PH Savin"
469157,"PJ te Beest"
809811,"PM Trohear"
489722,"PM Udawatte"
884265,"PM Weerakkody"
565484,"Poonam Yadav"
293712,"PRCS Kumarihami"
186357,"Preeti Bose"
885183,"PS Etienne"
973966,"PS Punia"
327532,"PY Lavine"
756619,"Q Joseph"
982273,"Qanita Jalil"
170289,"R Basu"
218821,"R Boyce"
883678,"R Buckstein"
847179,"R Dey"
132403,"R Dhar"
407731,"R Dholakia"
176375,"R Dhrub"
624543,"R Emannuel"
590010,"R Endo"
946792,"R Gandhi"
683405,"R Godbole"
120698,"R Hawkins"
162373,"R Heggs"
273289,"R Heyhoe-Flint"
587507,"R Hiroto"
391757,"R Kanai"
788317,"R Lupton"
702248,"R Malhotra"
661119,"R Margrate"
998196,"R Monaghan"
182802,"R Mudgel"
353474,"R Ntozakhe"
801817,"R Patel"
424002,"R Punekar"
764941,"R Rijke"
968819,"R Scheepers"
991586,"R Scheepstra"
832279,"R Scott"
962349,"R Searle"
966978,"R Shastri"
966634,"R Stokell"
578225,"R Stoop"
878641,"R Thompson"
462423,"R Venugopal"
623668,"RA Birch"
893908,"RA Hardiman"
862729,"RA Lewis"
516087,"RA Mair"
726221,"RA Rolfe"
715028,"Rabia Khan"
246451,"Rabiya Shah"
110030,"Rachel Delaney"
376294,"Rameen Shamim"
403989,"RB Wood"
328211,"RC Milburn"
914132,"RE Symons"
110746,"RE Westbrook"
688867,"RH Candy"
717895,"RH Priest"
665868,"Ritu Moni"
917750,"RJ Kember"
975666,"RJ Kendall"
202434,"RJ Pullar"
844486,"RJ Rolls"
619613,"RJ Signal"
741031,"RJ Steele"
535049,"RK Chappell"
946563,"RK Willis"
200674,"RL Grundy"
102669,"RL Haynes"
989099,"RM Farrell"
474205,"RM Ghosh"
839998,"RP Goodchild"
823608,"RP Yadav"
588200,"RR Goyal"
716663,"RS Gayakwad"
747021,"RS Glen"
614099,"RS Vandort"
783163,"RU McKenzie"
156253,"Ruksana Khan"
247893,"Rumana Ahmed"
727299,"RV Kalpana"
859537,"S Agarwal"
561463,"S Aslam"
646942,"S Bayley"
413112,"S Bose"
441234,"S Braganza"
951850,"S Bray"
345156,"S Brown"
403597,"S Chakraborty"
583276,"S Dabir"
858688,"S Desai"
839606,"S Driscoll"
811988,"S Ecclestone"
646721,"S Gajnabi"
496658,"S Goatman"
548020,"S Gupta"
686954,"S Haggo"
904112,"S Harikrishna"
343744,"S Hill"
832884,"S Hilliam"
388706,"S Ismail"
994719,"S Itticheria"
330739,"S Jafta"
361595,"S Jorgensen"
499658,"S Keijzer-Klein"
544561,"S Kottman"
519251,"S Kubota"
643425,"S Kulkarni"
251227,"S Lackay"
376472,"S Loubser"
640205,"S Luus"
812350,"S MacMahon"
896150,"S Mandhana"
125372,"S Mazumdar"
541229,"S McLauchlan"
598871,"S Meghana"
798947,"S Melchers"
569956,"S Miyaji"
971875,"S Molineux"
736131,"S Mostary"
246591,"S Naik"
568171,"S Neilsen"
419455,"S Nitschke"
636575,"S Pandey"
808385,"S Pandit"
215522,"S Pillay"
121890,"S Potter"
973309,"S Rana"
509038,"S Rangaswamy"
777148,"S Rath"
927268,"S Ravikumar"
925045,"S Redfern"
961557,"S Redhead"
142486,"S Sandeepani"
178493,"S Shah"
226566,"S Sharma"
167012,"S Shaw"
348886,"S Singh"
497767,"S Sivanantham"
374805,"S Smith"
491949,"S Sridhar"
385673,"S Verma"
946915,"S Viljoen"
511414,"SA Banfield"
158703,"SA Bonaparte"
560901,"SA Campbelle"
958351,"SA Cooper"
364236,"SA Davies"
980522,"SA Fritz"
679471,"SA Harris"
988183,"SA Hodges"
661887,"SA Millanta"
624781,"SA Moffat"
761238,"SA Owens"
631806,"SA Paranjpe"
769242,"SA Tredrea"
921239,"SA Young"
617301,"Saba Nazir"
627186,"Sabahat Rasheed"
974080,"Sabeen Rezvi"
979264,"SACA King"
194019,"Sadia Butt"
823859,"Sadia Iqbal"
318841,"Sadia Yousuf"
907313,"Sajjida Shah"
786939,"Salma Khatun"
355640,"Sana Javed"
246767,"Sana Mir"
957218,"Sania Khan"
314835,"Sanjida Akter Meghla"
127979,"Sanjida Islam"
319578,"SARC Silva"
183021,"SB Cunneen"
672074,"SB Odedra"
601418,"SC de Silva"
801339,"SC Selman"
288154,"SC Taylor"
371067,"SD Cowles"
710823,"SD Gupta"
740075,"SD Seawright"
295166,"SDNS Karunaratne"
490740,"SE Aley"
446333,"SE Charteris"
822356,"SE Kenealy"
447763,"SE Reamsbottom"
161839,"SE Rowe"
794989,"SEA Ruck"
519954,"SF Daley"
542991,"SFM Devine"
916634,"SH Brown"
560137,"Shabana Kausar"
307699,"Shabana Latif"
722435,"Shafali Verma"
579884,"Shahanaz Parvin"
208577,"Shahnaz Sohail"
413816,"Shaila Sharmin"
816595,"Shaiza Khan"
533179,"Shamima Sultana"
485055,"Sharmeen Khan"
302186,"Sharmin Akhter"
642964,"Sharmin Sultana"
280079,"Shathira Jakir"
373180,"Shazia Hassan"
433139,"Shohely Akhter"
466886,"Shukhtara Rahman"
967736,"Shumaila Mushtaq"
404315,"Shumaila Qureshi"
742345,"SI Galagedara"
167501,"SI Heywood"
185358,"Sidra Ameen"
345567,"Sidra Nawaz"
322913,"SIP Fernando"
925815,"SIR Dunkley"
844522,"SJ Andrews"
877363,"SJ Bryce"
996021,"SJ Cook"
687900,"SJ Coyte"
656081,"SJ Elliott"
193859,"SJ Griffiths"
847235,"SJ Kitson"
250779,"SJ MacLean"
712828,"SJ McGlashan"
803718,"SJ Metcalfe"
181651,"SJ Power"
811492,"SJ Rattray"
199663,"SJ Taylor"
754598,"SJ Tsukigawa"
597434,"SK Burke"
165751,"SK Dolawatte"
845543,"SK Naidu"
383342,"SL Bow"
719678,"SL Clarke"
127081,"SL Illingworth"
697670,"SL Kalis"
837479,"SL Munroe"
764215,"SL Pujare"
955245,"SL Quintyne"
711971,"SLJ Lobatto"
191522,"SM Benade"
489009,"SM Gilchrist"
940116,"SM Kavanagh"
276211,"SM Plant"
342133,"SM Rutherford"
347995,"SN Nefdt"
369668,"SN Pradhan"
318874,"SNL Siegers"
751129,"Soniya Dabir"
607237,"SP de Alwis"
450657,"SR McIntyre"
750855,"SR Taylor"
316213,"SR Theodore"
668082,"SRH Curtis"
474109,"SRM Morris"
142360,"SS Connell"
787468,"SS Grimmond"
805523,"SS Weerakkody"
704766,"SSD van Zyl"
891839,"Sukhan Faiz"
500730,"Sultana Yesmin"
603897,"Sultana Yousaf"
773279,"Sumaiya Siddiqi"
248286,"Suraiya Azmin"
549703,"SV Collyer"
222104,"SW Bates"
208848,"SW Dawson"
248886,"Syeda Aroob Shah"
543988,"T Bennett"
356364,"T Bhatia"
663384,"T Brits"
926329,"T Chetty"
139964,"T Christiansen"
926972,"T Juhasz"
145239,"T Macpherson"
846258,"T Reeves"
914866,"T Skoyles"
969850,"T van der Gun"
645706,"T Woodbury"
662857,"TA McGregor"
324499,"Tasqeen Qadeer"
312879,"Tazia Akhter"
733469,"TD Smartt"
842599,"Tharika Sewwandi"
312834,"Tithy Sarkar"
899874,"TJ Vlaeminck"
750325,"TL Anderson"
767941,"TL Russell"
506173,"TM McGrath"
570921,"TMM Newton"
919679,"TN Gunaratne"
162311,"TS Cordes"
843939,"TS Sekhukhune"
597600,"TT Beaumont"
217161,"U Chakraborty"
435074,"U Nikam"
836595,"U Raymond-Hoey"
449055,"U Thimashini"
623285,"U Wickham"
670913,"UG Budd"
779310,"UL Paisley"
340822,"Umaima Sohail"
405887,"Urooj Mumtaz"
504621,"Uzma Gondal"
952718,"V Batty"
581925,"V Bhagat"
730529,"V Bowen"
831655,"V Farrell"
535460,"V Kalpana"
398754,"V Krishnamurthy"
974198,"V Latty-Scott"
240047,"V Raffel"
249383,"V Slater"
709186,"V Sneha Deepthi"
233628,"V Wesenhagen"
620172,"VCE Wattenberg"
382071,"VE Burt"
906975,"VG Neilsen"
986342,"VHM Farrell"
926063,"VJ Lind"
618477,"VL Burtt"
639869,"VM Felicien"
113485,"VN Watts"
489762,"VR Coutts"
314829,"VR Vanitha"
804166,"VS Sexton"
144012,"VSC Maxwell"
864060,"W Blunsden"
266213,"W Gerritsen"
145446,"W Napier"
509276,"W Piltz"
520485,"W Skog"
363632,"W Weir"
689897,"WA Chandrawathi"
902491,"WA Watson"
541052,"WAC Wickramasinghe"
875193,"WC Leech"
828519,"WGAKK Kulasuriya"
853377,"WHD Fernando"
524714,"WJ Coe"
238052,"WJ Hills"
952722,"WJGSSI Fernando"
729733,"WK Dilhari"
559112,"WM Johnson"
535151,"WRP Fernando"
743119,"WUM George"
754671,"Y Fourie"
371877,"Y Geddes-Hall"
945451,"Y Kainuku"
846457,"Y Potgieter"
120099,"Y Sasaki"
943619,"Y van der Merwe"
190524,"Y van der Westhuizen"
142320,"Y van Mentz"
422295,"Z Mali"
803218,"Zehmarad Afzal"
593123,"ZJ Goss"
